year,borough,zip,complaints,pop,complaints_norm,median_income,pct_below_poverty
2020,MANHATTAN,10001,289,25026,1154.799009,96787,11.64450455
2020,MANHATTAN,10002,1067,74363,1434.853354,35607,28.8635691
2020,MANHATTAN,10003,824,54671,1507.1976,129981,7.623817474
2020,MANHATTAN,10004,8,3310,241.6918429,204949,2.469813392
2020,MANHATTAN,10005,3,8664,34.62603878,184681,6.194880619
2020,MANHATTAN,10006,6,3260,184.0490798,185268,6.791827719
2020,MANHATTAN,10007,11,7566,145.3872588,250001,2.755102041
2020,MANHATTAN,10009,1052,58267,1805.481662,68220,23.16732525
2020,MANHATTAN,10010,369,34763,1061.473406,139188,9.6127038
2020,MANHATTAN,10011,441,50228,877.9963367,136208,9.348392702
2020,MANHATTAN,10012,315,23034,1367.543631,110490,11.50787339
2020,MANHATTAN,10013,337,28657,1175.977946,130675,10.50919148
2020,MANHATTAN,10014,417,29071,1434.419181,136154,5.910496528
2020,MANHATTAN,10016,585,52912,1105.609314,124647,7.226340286
2020,MANHATTAN,10017,279,16065,1736.694678,130417,5.244471495
2020,MANHATTAN,10018,97,8135,1192.378611,136360,9.187688035
2020,MANHATTAN,10019,870,45521,1911.205817,101651,12.42867593
2020,MANHATTAN,10021,203,42253,480.4392588,130968,7.552979533
2020,MANHATTAN,10022,242,31574,766.453411,138661,5.990988485
2020,MANHATTAN,10023,418,62228,671.72334,137347,7.802783536
2020,MANHATTAN,10024,697,60714,1148.005402,137126,8.013864818
2020,MANHATTAN,10025,1888,92162,2048.566654,99067,15.35035334
2020,MANHATTAN,10026,1263,38937,3243.701364,64716,20.39447989
2020,MANHATTAN,10027,2145,64728,3313.86726,57010,22.14390602
2020,MANHATTAN,10028,432,47962,900.7130645,131013,6.034275647
2020,MANHATTAN,10029,1655,74617,2217.993219,33801,32.29156741
2020,MANHATTAN,10030,1308,30996,4219.899342,45555,24.53772334
2020,MANHATTAN,10031,2918,60280,4840.743198,55721,22.94287152
2020,MANHATTAN,10032,3004,59527,5046.44951,53690,20.72063812
2020,MANHATTAN,10033,3476,58648,5926.885827,66902,16.25780893
2020,MANHATTAN,10034,2897,41933,6908.639973,63556,17.3449981
2020,MANHATTAN,10035,1128,36999,3048.731047,28408,36.5807327
2020,MANHATTAN,10036,398,28231,1409.79774,97720,14.04484716
2020,MANHATTAN,10037,690,19177,3598.060176,50686,22.15984485
2020,MANHATTAN,10038,80,24205,330.5102252,95640,20.08333333
2020,MANHATTAN,10039,1206,27090,4451.827243,41363,24.26457789
2020,MANHATTAN,10040,2230,45197,4933.955794,53199,21.72670807
2020,MANHATTAN,10044,26,12770,203.6021926,112658,7.489597781
2020,MANHATTAN,10065,327,32270,1013.32507,115519,6.047873695
2020,MANHATTAN,10069,3,6504,46.12546125,130556,18.02962009
2020,MANHATTAN,10075,206,26121,788.6374947,102941,8.472049689
2020,MANHATTAN,10128,310,57993,534.5472729,117926,7.879318473
2020,MANHATTAN,10162,1,1240,80.64516129,96555,0
2020,MANHATTAN,10280,4,9372,42.68032437,170385,4.973474801
2020,MANHATTAN,10282,1,6086,16.43115347,250001,3.521408563
2020,STATEN ISLAND,10301,463,38001,1218.38899,70065,17.40633209
2020,STATEN ISLAND,10302,70,17942,390.1460261,72394,15.73052491
2020,STATEN ISLAND,10303,165,27164,607.4215874,70315,19.61130742
2020,STATEN ISLAND,10304,379,42133,899.532433,64394,19.46677385
2020,STATEN ISLAND,10305,105,42968,244.3679017,77136,10.53384485
2020,STATEN ISLAND,10306,116,54318,213.5572002,83309,10.43442956
2020,STATEN ISLAND,10307,15,15053,99.64791072,108808,5.623520126
2020,STATEN ISLAND,10308,14,28901,48.44123041,110478,4.616886286
2020,STATEN ISLAND,10309,23,33896,67.85461411,102730,10.38297872
2020,STATEN ISLAND,10310,98,24168,405.4948692,86895,14.76146578
2020,STATEN ISLAND,10312,42,61114,68.72402396,96785,7.362486379
2020,STATEN ISLAND,10314,163,89938,181.2359626,90306,9.600484648
2020,BRONX,10451,2124,49423,4297.594238,32598,33.75846557
2020,BRONX,10452,4424,74379,5947.915406,31351,37.36397957
2020,BRONX,10453,4187,78858,5309.543737,31778,36.38553337
2020,BRONX,10454,875,37807,2314.386225,23337,45.93678627
2020,BRONX,10455,1818,40300,4511.166253,29439,36.05153109
2020,BRONX,10456,3404,90479,3762.198963,31645,37.42885306
2020,BRONX,10457,6797,74679,9101.621607,32378,35.84021699
2020,BRONX,10458,4701,85893,5473.08861,37886,32.73297335
2020,BRONX,10459,1900,48391,3926.349941,31896,32.90538164
2020,BRONX,10460,2585,57514,4494.557847,28831,37.2303582
2020,BRONX,10461,1280,51081,2505.824083,60802,14.93567618
2020,BRONX,10462,4453,75441,5902.625893,57266,17.10085918
2020,BRONX,10463,2462,70236,3505.324905,60397,16.43947101
2020,BRONX,10464,47,4322,1087.459509,101935,6.189967983
2020,BRONX,10465,215,45066,477.0780633,74889,16.62945044
2020,BRONX,10466,1960,74519,2630.201694,58405,20.8524931
2020,BRONX,10467,5006,100867,4962.971041,40639,25.3334394
2020,BRONX,10468,4723,78778,5995.328645,37777,30.38228629
2020,BRONX,10469,1094,72550,1507.925569,67190,15.92239797
2020,BRONX,10470,522,15500,3367.741935,64643,11.05643045
2020,BRONX,10471,307,22577,1359.790938,93657,8.354372275
2020,BRONX,10472,2279,67989,3352.012826,36038,31.74024571
2020,BRONX,10473,1411,59627,2366.377648,47856,24.18869644
2020,BRONX,10474,494,11579,4266.344244,28419,42.01369082
2020,BRONX,10475,77,43791,175.8352173,53819,11.66032274
2020,QUEENS,11001,1,26883,3.719822936,101634,3.423794801
2020,QUEENS,11004,12,15297,78.44675427,97845,8.423460899
2020,QUEENS,11040,1,40782,2.452062184,101434,4.121425294
2020,QUEENS,11101,323,32537,992.7159849,89525,16.26647047
2020,QUEENS,11102,407,28359,1435.170493,81462,13.63425926
2020,QUEENS,11103,481,35419,1358.028177,81677,9.868378812
2020,QUEENS,11104,584,25037,2332.547829,75772,9.20131194
2020,QUEENS,11105,355,37452,947.879953,86516,9.074243813
2020,QUEENS,11106,613,37094,1652.558365,71865,12.77172312
2020,QUEENS,11109,0,6127,0,169425,1.188332733
2020,BROOKLYN,11201,298,64798,459.8907374,139697,10.59052696
2020,BROOKLYN,11203,2020,77589,2603.461831,57707,14.80392492
2020,BROOKLYN,11204,735,75840,969.1455696,54984,18.81802721
2020,BROOKLYN,11205,395,47866,825.220407,62952,23.99427856
2020,BROOKLYN,11206,722,87599,824.210322,43065,31.10292483
2020,BROOKLYN,11207,1561,90867,1717.895386,42276,29.05615995
2020,BROOKLYN,11208,1381,102626,1345.662892,45946,25.26478119
2020,BROOKLYN,11209,2368,68368,3463.608706,79524,11.24854382
2020,BROOKLYN,11210,1272,62423,2037.710459,70776,11.48231202
2020,BROOKLYN,11211,843,104561,806.2279435,90871,17.58653634
2020,BROOKLYN,11212,2166,74037,2925.564245,29385,35.35424744
2020,BROOKLYN,11213,2290,67382,3398.533733,48318,21.70830648
2020,BROOKLYN,11214,1540,90372,1704.067632,57639,17.4385976
2020,BROOKLYN,11215,525,69995,750.0535753,144330,6.756286132
2020,BROOKLYN,11216,1534,59567,2575.251398,77343,15.2652206
2020,BROOKLYN,11217,304,42461,715.9511081,122598,13.19589843
2020,BROOKLYN,11218,1270,73280,1733.078603,78249,14.21943773
2020,BROOKLYN,11219,685,87812,780.0756161,41907,30.26266181
2020,BROOKLYN,11220,1436,90657,1583.992411,55119,23.42274408
2020,BROOKLYN,11221,1542,85582,1801.780748,65548,21.5411135
2020,BROOKLYN,11222,371,36710,1010.623808,96435,10.69617078
2020,BROOKLYN,11223,703,80500,873.2919255,56908,20.56371576
2020,BROOKLYN,11224,270,45587,592.2741132,35776,31.18513906
2020,BROOKLYN,11225,3403,56072,6068.982736,65200,13.73619556
2020,BROOKLYN,11226,5480,96332,5688.660051,60896,15.28959795
2020,BROOKLYN,11228,177,43878,403.3912211,76278,11.26478382
2020,BROOKLYN,11229,820,81909,1001.110989,66332,16.00373002
2020,BROOKLYN,11230,1805,87188,2070.239024,57770,20.63095924
2020,BROOKLYN,11231,490,37796,1296.433485,108525,17.06886775
2020,BROOKLYN,11232,550,26501,2075.393381,74072,15.30886303
2020,BROOKLYN,11233,1923,79796,2409.895233,48278,25.6797963
2020,BROOKLYN,11234,440,90372,486.8764662,84116,8.601483228
2020,BROOKLYN,11235,1294,76921,1682.245421,56308,19.53403915
2020,BROOKLYN,11236,713,98821,721.5065624,74015,12.66682345
2020,BROOKLYN,11237,866,46772,1851.535106,57375,22.19985043
2020,BROOKLYN,11238,1333,55102,2419.14994,100568,12.18802814
2020,BROOKLYN,11239,137,12832,1067.643392,29571,31.29522966
2020,BROOKLYN,11249,349,42421,822.7057354,105222,19.44216052
2020,QUEENS,11354,664,52351,1268.361636,45838,19.85582898
2020,QUEENS,11355,1317,81358,1618.771356,45527,23.91809162
2020,QUEENS,11356,92,24178,380.5112085,64324,8.821127144
2020,QUEENS,11357,58,40118,144.5735082,82858,7.903304011
2020,QUEENS,11358,208,36665,567.2985136,70777,10.40780005
2020,QUEENS,11360,16,18892,84.69193309,84356,6.620040998
2020,QUEENS,11361,111,28531,389.0505065,86545,8.321606154
2020,QUEENS,11362,13,18694,69.54102921,92212,4.86509157
2020,QUEENS,11363,27,6834,395.0834065,111094,9.355883411
2020,QUEENS,11364,145,35866,404.2826075,87135,7.381477818
2020,QUEENS,11365,110,43730,251.5435628,70102,11.7373583
2020,QUEENS,11366,120,14109,850.5209441,91795,9.237926451
2020,QUEENS,11367,222,40141,553.050497,64332,15.50610194
2020,QUEENS,11368,964,108661,887.1628275,56904,17.6969783
2020,QUEENS,11369,221,30693,720.0338839,61860,11.76040142
2020,QUEENS,11370,89,29366,303.0715794,67582,9.298013245
2020,QUEENS,11372,861,63107,1364.349438,61239,12.96871068
2020,QUEENS,11373,2316,96495,2400.124359,56835,13.01871701
2020,QUEENS,11374,468,43173,1084.01084,75266,12.78617937
2020,QUEENS,11375,871,72615,1199.476692,88117,8.957519456
2020,QUEENS,11377,1288,82021,1570.32955,59910,9.942723332
2020,QUEENS,11378,104,39033,266.4412164,82326,8.597811748
2020,QUEENS,11379,68,37780,179.9894124,89700,7.396209719
2020,QUEENS,11385,1664,105025,1584.38467,77044,10.7898508
2020,QUEENS,11411,53,20473,258.877546,104269,6.016496846
2020,QUEENS,11412,233,37987,613.3677311,85235,9.121591616
2020,QUEENS,11413,184,41810,440.0861038,91836,6.491255711
2020,QUEENS,11414,122,27672,440.8788667,75599,12.02749141
2020,QUEENS,11415,363,18464,1965.987868,75476,10.17964072
2020,QUEENS,11416,175,26087,670.8322153,73471,13.17316777
2020,QUEENS,11417,217,31156,696.4950571,79210,13.06402611
2020,QUEENS,11418,354,37666,939.8396432,73856,11.23555556
2020,QUEENS,11419,373,47955,777.8125326,79589,11.33872129
2020,QUEENS,11420,158,47266,334.2783396,85190,10.60420181
2020,QUEENS,11421,226,39654,569.9298936,77738,8.856512141
2020,QUEENS,11422,136,32786,414.8111999,93397,6.732991659
2020,QUEENS,11423,322,29532,1090.342679,70990,12.4618825
2020,QUEENS,11426,12,20222,59.34131144,102770,7.157626849
2020,QUEENS,11427,233,25096,928.4348103,81688,7.501613944
2020,QUEENS,11428,74,19830,373.1719617,77466,9.606273485
2020,QUEENS,11429,84,27808,302.0713464,82532,13.67724207
2020,QUEENS,11432,1109,64282,1725.21079,66270,12.27780734
2020,QUEENS,11433,239,36929,647.1878469,62453,14.77240732
2020,QUEENS,11434,502,62590,802.0450551,65845,10.9623431
2020,QUEENS,11435,473,59392,796.403556,69873,14.38632833
2020,QUEENS,11436,121,18955,638.3539963,72962,9.133915575
2020,QUEENS,11691,910,68454,1329.359862,52605,23.09691443
2020,QUEENS,11692,287,22394,1281.593284,53077,18.38552916
2020,QUEENS,11693,42,13029,322.3578172,52946,15.85412668
2020,QUEENS,11694,257,21258,1208.956628,87755,9.716197794
2021,MANHATTAN,10001,330,26966,1223.763257,101409,11.97365655
2021,MANHATTAN,10002,1277,76807,1662.608877,37093,28.28684112
2021,MANHATTAN,10003,1400,54447,2571.307877,137533,8.752630952
2021,MANHATTAN,10004,10,4795,208.5505735,216017,2.69758637
2021,MANHATTAN,10005,7,8637,81.04665972,197188,2.446675031
2021,MANHATTAN,10006,11,3894,282.4858757,200536,3.314917127
2021,MANHATTAN,10007,16,8194,195.2648279,250001,4.4978435
2021,MANHATTAN,10009,1256,60000,2093.333333,77551,23.18155541
2021,MANHATTAN,10010,428,33193,1289.428494,131635,10.08823348
2021,MANHATTAN,10011,589,51867,1135.596815,139343,9.308055575
2021,MANHATTAN,10012,528,22269,2371.009026,117581,11.28385155
2021,MANHATTAN,10013,326,29563,1102.729764,137572,10.54807848
2021,MANHATTAN,10014,522,29815,1750.796579,136559,7.226463104
2021,MANHATTAN,10016,661,56758,1164.593537,136431,7.889755936
2021,MANHATTAN,10017,190,15514,1224.700271,136112,7.148136416
2021,MANHATTAN,10018,182,8063,2257.224358,130457,8.577728776
2021,MANHATTAN,10019,745,43989,1693.605219,105538,12.43419308
2021,MANHATTAN,10021,324,42484,762.6400527,136060,5.804241742
2021,MANHATTAN,10022,384,33303,1153.049275,156255,7.25921067
2021,MANHATTAN,10023,437,65891,663.2165243,136109,9.069898534
2021,MANHATTAN,10024,1198,63916,1874.335065,153177,8.308736217
2021,MANHATTAN,10025,2515,96918,2594.977197,103440,14.0760056
2021,MANHATTAN,10026,1763,39401,4474.505723,65038,18.11893042
2021,MANHATTAN,10027,3121,65840,4740.279465,58435,21.6092732
2021,MANHATTAN,10028,527,47793,1102.671939,149789,4.905203711
2021,MANHATTAN,10029,1640,77661,2111.742058,33901,33.05777616
2021,MANHATTAN,10030,1597,31611,5052.038847,42834,27.465487
2021,MANHATTAN,10031,3767,61801,6095.370625,57180,23.5551623
2021,MANHATTAN,10032,3675,60529,6071.469874,55059,20.27870122
2021,MANHATTAN,10033,3395,60739,5589.489455,71630,16.15618308
2021,MANHATTAN,10034,3171,43365,7312.348668,63851,17.4586056
2021,MANHATTAN,10035,1122,37042,3028.994115,32555,35.67247387
2021,MANHATTAN,10036,569,30437,1869.435227,98177,12.82395957
2021,MANHATTAN,10037,950,19374,4903.478889,48782,24.19875025
2021,MANHATTAN,10038,137,23356,586.5730433,99924,19.12521441
2021,MANHATTAN,10039,1433,27234,5261.805097,50164,21.44588745
2021,MANHATTAN,10040,2563,45771,5599.615477,54700,19.93091746
2021,MANHATTAN,10044,32,12155,263.2661456,115294,6.064306064
2021,MANHATTAN,10065,366,31270,1170.450911,152335,6.448609732
2021,MANHATTAN,10069,5,5774,86.5950814,183178,16.86156167
2021,MANHATTAN,10075,265,23391,1132.914369,131372,12.82407786
2021,MANHATTAN,10128,607,58147,1043.905962,127919,9.008210964
2021,MANHATTAN,10162,0,2268,0,99300,0
2021,MANHATTAN,10280,14,8582,163.132137,178148,2.875475285
2021,MANHATTAN,10282,7,6419,109.0512541,250001,2.208446339
2021,STATEN ISLAND,10301,632,38736,1631.557208,78053,14.44646352
2021,STATEN ISLAND,10302,183,18144,1008.597884,73927,19.11738431
2021,STATEN ISLAND,10303,242,27469,880.9931195,69879,19.36330035
2021,STATEN ISLAND,10304,442,43849,1008.004744,64539,19.57783641
2021,STATEN ISLAND,10305,190,44531,426.669062,76833,9.606111842
2021,STATEN ISLAND,10306,222,55805,397.813816,88687,8.733602422
2021,STATEN ISLAND,10307,8,14828,53.95198274,117469,6.179556937
2021,STATEN ISLAND,10308,12,30353,39.5348071,116082,7.055682685
2021,STATEN ISLAND,10309,23,35832,64.18843492,107500,11.30922899
2021,STATEN ISLAND,10310,151,25976,581.3058208,96161,13.42888644
2021,STATEN ISLAND,10312,52,63935,81.33260343,100875,6.605859591
2021,STATEN ISLAND,10314,121,93736,129.0859435,94578,9.004754258
2021,BRONX,10451,2908,50118,5802.306557,33945,33.64001175
2021,BRONX,10452,5526,79838,6921.51607,33877,35.88761632
2021,BRONX,10453,4522,80393,5624.867837,34860,34.21619294
2021,BRONX,10454,1160,38908,2981.392002,21846,45.9218739
2021,BRONX,10455,1910,42781,4464.59877,30741,35.34103235
2021,BRONX,10456,3763,90314,4166.574396,31166,38.78239485
2021,BRONX,10457,7784,79443,9798.220107,38066,33.50985126
2021,BRONX,10458,5865,86757,6760.26142,38768,31.17909935
2021,BRONX,10459,2428,51303,4732.666706,36631,29.34739013
2021,BRONX,10460,3140,59979,5235.165641,31504,36.18249534
2021,BRONX,10461,1291,52756,2447.11502,61087,16.17585412
2021,BRONX,10462,5670,78470,7225.691347,59032,17.58871427
2021,BRONX,10463,3046,73256,4158.021186,63048,17.07890467
2021,BRONX,10464,41,4417,928.2318316,118972,6.384065373
2021,BRONX,10465,469,46205,1015.041662,80245,16.64918882
2021,BRONX,10466,2119,75767,2796.732087,62918,19.38114656
2021,BRONX,10467,5468,102209,5349.822423,42639,25.81532417
2021,BRONX,10468,5606,82480,6796.799224,40138,30.36157582
2021,BRONX,10469,1335,75290,1773.143844,70415,17.19181868
2021,BRONX,10470,979,16446,5952.815274,70107,10.66749844
2021,BRONX,10471,263,23387,1124.556377,96368,7.310038824
2021,BRONX,10472,2759,66720,4135.191847,36730,32.1128177
2021,BRONX,10473,1341,60296,2224.028128,48212,24.19729899
2021,BRONX,10474,524,11312,4632.248939,33157,39.35324747
2021,BRONX,10475,140,44509,314.5431261,56327,11.82287188
2021,QUEENS,11001,5,26818,18.6441942,132344,3.49907919
2021,QUEENS,11004,24,16426,146.1098259,100174,7.468879668
2021,QUEENS,11040,5,42634,11.72772904,140368,4.242922238
2021,QUEENS,11101,332,33789,982.5682915,98920,13.32783557
2021,QUEENS,11102,639,27876,2292.294447,95478,13.20016307
2021,QUEENS,11103,506,35912,1408.999777,82597,10.16435707
2021,QUEENS,11104,797,27575,2890.299184,81142,9.238031018
2021,QUEENS,11105,652,38311,1701.861084,93200,9.034653465
2021,QUEENS,11106,731,40472,1806.186993,71972,11.35253772
2021,QUEENS,11109,3,6712,44.69606675,160898,1.383081377
2021,BROOKLYN,11201,291,68777,423.1065618,148282,10.39763222
2021,BROOKLYN,11203,2216,79499,2787.456446,61414,15.00586166
2021,BROOKLYN,11204,1230,82140,1497.443389,58850,18.40361804
2021,BROOKLYN,11205,478,50681,943.1542393,68607,22.12572374
2021,BROOKLYN,11206,1093,90903,1202.380559,49013,31.39557205
2021,BROOKLYN,11207,1982,97690,2028.866824,45616,28.07683257
2021,BROOKLYN,11208,1773,107724,1645.872786,49679,23.73699741
2021,BROOKLYN,11209,2560,72938,3509.830267,84145,11.27363184
2021,BROOKLYN,11210,1842,65854,2797.096608,77378,10.97605893
2021,BROOKLYN,11211,979,65925,1485.020857,89091,17.41047466
2021,BROOKLYN,11212,2379,78296,3038.469398,30733,35.25352915
2021,BROOKLYN,11213,3370,69392,4856.467604,48896,21.8139321
2021,BROOKLYN,11214,1425,95361,1494.321578,58487,18.19901627
2021,BROOKLYN,11215,770,73419,1048.77484,156930,5.429494812
2021,BROOKLYN,11216,1903,62210,3058.993731,84661,14.32620853
2021,BROOKLYN,11217,470,42107,1116.203957,133269,12.7797474
2021,BROOKLYN,11218,1708,76370,2236.480293,81857,11.95868401
2021,BROOKLYN,11219,666,93119,715.2138661,44450,29.84166667
2021,BROOKLYN,11220,2079,93584,2221.533595,57046,22.21413759
2021,BROOKLYN,11221,1881,89728,2096.335592,66923,21.18696641
2021,BROOKLYN,11222,488,39669,1230.179737,110385,9.755312299
2021,BROOKLYN,11223,938,83565,1122.479507,57281,20.90307088
2021,BROOKLYN,11224,415,48110,862.6065267,37241,32.1209283
2021,BROOKLYN,11225,3766,59465,6333.137139,68542,14.94575155
2021,BROOKLYN,11226,7193,99776,7209.148493,66173,14.77860375
2021,BROOKLYN,11228,237,45267,523.5602094,77189,10.77817242
2021,BROOKLYN,11229,994,85538,1162.05663,69076,16.58563287
2021,BROOKLYN,11230,2288,91789,2492.673414,61017,20.32522892
2021,BROOKLYN,11231,364,40311,902.9793357,121638,17.21830565
2021,BROOKLYN,11232,549,28501,1926.248202,77031,14.41294667
2021,BROOKLYN,11233,1956,85633,2284.166151,52380,24.67726382
2021,BROOKLYN,11234,577,94254,612.1756106,86185,8.975340787
2021,BROOKLYN,11235,1532,84859,1805.347694,58669,19.27575478
2021,BROOKLYN,11236,774,102238,757.0570629,73562,13.13448767
2021,BROOKLYN,11237,1180,50590,2332.476774,65908,18.7210962
2021,BROOKLYN,11238,1339,58597,2285.09992,114427,11.17305548
2021,BROOKLYN,11239,359,15917,2255.450148,33736,29.54748247
2021,BROOKLYN,11249,273,42421,643.5491855,105222,19.44216052
2021,QUEENS,11354,617,53375,1155.971897,52273,18.67647059
2021,QUEENS,11355,1223,80918,1511.406609,46963,21.55936612
2021,QUEENS,11356,156,27295,571.5332478,73318,8.736426456
2021,QUEENS,11357,57,44030,129.4571883,88580,8.876811594
2021,QUEENS,11358,412,38103,1081.279689,74854,9.696739955
2021,QUEENS,11360,24,20076,119.5457262,92851,7.28859669
2021,QUEENS,11361,299,30006,996.4673732,93734,7.913669065
2021,QUEENS,11362,10,19217,52.03725868,100528,3.970325594
2021,QUEENS,11363,47,7424,633.0818966,98111,8.837689133
2021,QUEENS,11364,266,39015,681.7890555,90970,8.646807277
2021,QUEENS,11365,142,45439,312.5068774,73279,11.38120863
2021,QUEENS,11366,69,13922,495.6184456,100781,8.984628708
2021,QUEENS,11367,402,42362,948.9636939,71469,15.29379462
2021,QUEENS,11368,1825,116469,1566.940559,62254,16.92724196
2021,QUEENS,11369,346,31550,1096.671949,66132,12.79447178
2021,QUEENS,11370,97,29780,325.721961,67241,8.10430781
2021,QUEENS,11372,1366,67252,2031.166359,62910,13.05436338
2021,QUEENS,11373,1158,102104,1134.137742,62072,10.91672498
2021,QUEENS,11374,588,47019,1250.558285,79221,12.07242452
2021,QUEENS,11375,1470,76091,1931.897333,96321,7.102933623
2021,QUEENS,11377,1302,85255,1527.183156,66325,9.620901323
2021,QUEENS,11378,156,39994,390.0585088,85464,9.126891735
2021,QUEENS,11379,174,39805,437.1310137,88672,7.827464535
2021,QUEENS,11385,1475,109111,1351.834371,77350,11.42780027
2021,QUEENS,11411,76,21605,351.7704235,108131,7.159317868
2021,QUEENS,11412,374,41782,895.1223015,93429,9.469565217
2021,QUEENS,11413,239,45661,523.4226145,104236,6.169606408
2021,QUEENS,11414,80,30915,258.7740579,86113,10.05557485
2021,QUEENS,11415,327,20351,1606.800649,80360,9.758951556
2021,QUEENS,11416,261,27098,963.1707137,76477,13.72761801
2021,QUEENS,11417,172,33236,517.5111325,78498,13.48026105
2021,QUEENS,11418,430,38938,1104.319688,77708,9.440950986
2021,QUEENS,11419,562,50107,1121.599776,84245,9.318606098
2021,QUEENS,11420,318,51831,613.532442,89027,9.435632608
2021,QUEENS,11421,285,42704,667.3847883,76721,10.14045906
2021,QUEENS,11422,179,34063,525.4968734,95945,8.164066333
2021,QUEENS,11423,502,30983,1620.243359,69386,14.12011592
2021,QUEENS,11426,36,20959,171.76392,102818,5.866368286
2021,QUEENS,11427,251,25890,969.4862881,84000,8.557089084
2021,QUEENS,11428,94,21184,443.7311178,83417,8.732931089
2021,QUEENS,11429,122,28643,425.9330377,89318,12.15199398
2021,QUEENS,11432,1325,64858,2042.924543,66246,11.79800839
2021,QUEENS,11433,456,41396,1101.555706,68801,15.73646276
2021,QUEENS,11434,539,66424,811.4536914,66546,12.75152713
2021,QUEENS,11435,671,60842,1102.856579,71346,14.86238532
2021,QUEENS,11436,158,21248,743.5993976,78306,10.44087491
2021,QUEENS,11691,1159,70797,1637.075017,54877,24.7728537
2021,QUEENS,11692,319,24639,1294.695402,53498,18.40696951
2021,QUEENS,11693,117,14147,827.0304658,64688,14.83735971
2021,QUEENS,11694,403,22432,1796.540656,88643,12.63107722
2022,MANHATTAN,10001,396,26966,1468.515909,101409,11.97365655
2022,MANHATTAN,10002,1905,76807,2480.242686,37093,28.28684112
2022,MANHATTAN,10003,1298,54447,2383.969732,137533,8.752630952
2022,MANHATTAN,10004,15,4795,312.8258603,216017,2.69758637
2022,MANHATTAN,10005,17,8637,196.8276022,197188,2.446675031
2022,MANHATTAN,10006,38,3894,975.8602979,200536,3.314917127
2022,MANHATTAN,10007,34,8194,414.9377593,250001,4.4978435
2022,MANHATTAN,10009,1655,60000,2758.333333,77551,23.18155541
2022,MANHATTAN,10010,448,33193,1349.682162,131635,10.08823348
2022,MANHATTAN,10011,625,51867,1205.005109,139343,9.308055575
2022,MANHATTAN,10012,542,22269,2433.87669,117581,11.28385155
2022,MANHATTAN,10013,437,29563,1478.1991,137572,10.54807848
2022,MANHATTAN,10014,637,29815,2136.508469,136559,7.226463104
2022,MANHATTAN,10016,803,56758,1414.778533,136431,7.889755936
2022,MANHATTAN,10017,302,15514,1946.628851,136112,7.148136416
2022,MANHATTAN,10018,308,8063,3819.918145,130457,8.577728776
2022,MANHATTAN,10019,1450,43989,3296.278615,105538,12.43419308
2022,MANHATTAN,10021,566,42484,1332.266265,136060,5.804241742
2022,MANHATTAN,10022,315,33303,945.8607333,156255,7.25921067
2022,MANHATTAN,10023,680,65891,1032.007406,136109,9.069898534
2022,MANHATTAN,10024,1579,63916,2470.429939,153177,8.308736217
2022,MANHATTAN,10025,3083,96918,3181.039642,103440,14.0760056
2022,MANHATTAN,10026,2754,39401,6989.670313,65038,18.11893042
2022,MANHATTAN,10027,3268,65840,4963.547995,58435,21.6092732
2022,MANHATTAN,10028,657,47793,1374.6783,149789,4.905203711
2022,MANHATTAN,10029,2377,77661,3060.738337,33901,33.05777616
2022,MANHATTAN,10030,2503,31611,7918.129765,42834,27.465487
2022,MANHATTAN,10031,5144,61801,8323.489911,57180,23.5551623
2022,MANHATTAN,10032,5318,60529,8785.871235,55059,20.27870122
2022,MANHATTAN,10033,4286,60739,7056.421739,71630,16.15618308
2022,MANHATTAN,10034,3655,43365,8428.456128,63851,17.4586056
2022,MANHATTAN,10035,1704,37042,4600.183575,32555,35.67247387
2022,MANHATTAN,10036,926,30437,3042.349772,98177,12.82395957
2022,MANHATTAN,10037,1361,19374,7024.878703,48782,24.19875025
2022,MANHATTAN,10038,233,23356,997.6023292,99924,19.12521441
2022,MANHATTAN,10039,2025,27234,7435.558493,50164,21.44588745
2022,MANHATTAN,10040,3305,45771,7220.729283,54700,19.93091746
2022,MANHATTAN,10044,49,12155,403.1262855,115294,6.064306064
2022,MANHATTAN,10065,474,31270,1515.829869,152335,6.448609732
2022,MANHATTAN,10069,24,5774,415.6563907,183178,16.86156167
2022,MANHATTAN,10075,362,23391,1547.603779,131372,12.82407786
2022,MANHATTAN,10128,786,58147,1351.746436,127919,9.008210964
2022,MANHATTAN,10162,0,2268,0,99300,0
2022,MANHATTAN,10280,3,8582,34.95688651,178148,2.875475285
2022,MANHATTAN,10282,20,6419,311.5750117,250001,2.208446339
2022,STATEN ISLAND,10301,848,38736,2189.178026,78053,14.44646352
2022,STATEN ISLAND,10302,200,18144,1102.292769,73927,19.11738431
2022,STATEN ISLAND,10303,227,27469,826.386108,69879,19.36330035
2022,STATEN ISLAND,10304,628,43849,1432.187735,64539,19.57783641
2022,STATEN ISLAND,10305,257,44531,577.126047,76833,9.606111842
2022,STATEN ISLAND,10306,337,55805,603.8885405,88687,8.733602422
2022,STATEN ISLAND,10307,33,14828,222.5519288,117469,6.179556937
2022,STATEN ISLAND,10308,36,30353,118.6044213,116082,7.055682685
2022,STATEN ISLAND,10309,63,35832,175.8204956,107500,11.30922899
2022,STATEN ISLAND,10310,155,25976,596.7046504,96161,13.42888644
2022,STATEN ISLAND,10312,69,63935,107.9221084,100875,6.605859591
2022,STATEN ISLAND,10314,197,93736,210.1647179,94578,9.004754258
2022,BRONX,10451,3834,50118,7649.946127,33945,33.64001175
2022,BRONX,10452,8794,79838,11014.80498,33877,35.88761632
2022,BRONX,10453,5924,80393,7368.800766,34860,34.21619294
2022,BRONX,10454,1775,38908,4562.043796,21846,45.9218739
2022,BRONX,10455,2421,42781,5659.054253,30741,35.34103235
2022,BRONX,10456,5204,90314,5762.11883,31166,38.78239485
2022,BRONX,10457,8986,79443,11311.25461,38066,33.50985126
2022,BRONX,10458,8505,86757,9803.243542,38768,31.17909935
2022,BRONX,10459,3831,51303,7467.399567,36631,29.34739013
2022,BRONX,10460,4142,59979,6905.750346,31504,36.18249534
2022,BRONX,10461,2204,52756,4177.723861,61087,16.17585412
2022,BRONX,10462,7668,78470,9771.887345,59032,17.58871427
2022,BRONX,10463,4259,73256,5813.858251,63048,17.07890467
2022,BRONX,10464,41,4417,928.2318316,118972,6.384065373
2022,BRONX,10465,414,46205,896.0069257,80245,16.64918882
2022,BRONX,10466,2761,75767,3644.066678,62918,19.38114656
2022,BRONX,10467,7653,102209,7487.598939,42639,25.81532417
2022,BRONX,10468,7663,82480,9290.737148,40138,30.36157582
2022,BRONX,10469,2383,75290,3165.094966,70415,17.19181868
2022,BRONX,10470,1035,16446,6293.323605,70107,10.66749844
2022,BRONX,10471,519,23387,2219.181597,96368,7.310038824
2022,BRONX,10472,3898,66720,5842.326139,36730,32.1128177
2022,BRONX,10473,1681,60296,2787.912963,48212,24.19729899
2022,BRONX,10474,758,11312,6700.848656,33157,39.35324747
2022,BRONX,10475,161,44509,361.724595,56327,11.82287188
2022,QUEENS,11001,10,26818,37.2883884,132344,3.49907919
2022,QUEENS,11004,10,16426,60.87909412,100174,7.468879668
2022,QUEENS,11040,1,42634,2.345545809,140368,4.242922238
2022,QUEENS,11101,540,33789,1598.153245,98920,13.32783557
2022,QUEENS,11102,804,27876,2884.201464,95478,13.20016307
2022,QUEENS,11103,819,35912,2280.574738,82597,10.16435707
2022,QUEENS,11104,1356,27575,4917.497733,81142,9.238031018
2022,QUEENS,11105,742,38311,1936.780559,93200,9.034653465
2022,QUEENS,11106,1821,40472,4499.406997,71972,11.35253772
2022,QUEENS,11109,6,6712,89.39213349,160898,1.383081377
2022,BROOKLYN,11201,538,68777,782.2382483,148282,10.39763222
2022,BROOKLYN,11203,2916,79499,3667.970666,61414,15.00586166
2022,BROOKLYN,11204,1143,82140,1391.526662,58850,18.40361804
2022,BROOKLYN,11205,563,50681,1110.869951,68607,22.12572374
2022,BROOKLYN,11206,1804,90903,1984.532964,49013,31.39557205
2022,BROOKLYN,11207,2698,97690,2761.797523,45616,28.07683257
2022,BROOKLYN,11208,2625,107724,2436.78289,49679,23.73699741
2022,BROOKLYN,11209,2712,72938,3718.226439,84145,11.27363184
2022,BROOKLYN,11210,2082,65854,3161.539162,77378,10.97605893
2022,BROOKLYN,11211,1154,65925,1750.474024,89091,17.41047466
2022,BROOKLYN,11212,3125,78296,3991.263922,30733,35.25352915
2022,BROOKLYN,11213,4083,69392,5883.963569,48896,21.8139321
2022,BROOKLYN,11214,2176,95361,2281.855266,58487,18.19901627
2022,BROOKLYN,11215,1007,73419,1371.579564,156930,5.429494812
2022,BROOKLYN,11216,2314,62210,3719.659219,84661,14.32620853
2022,BROOKLYN,11217,477,42107,1132.828271,133269,12.7797474
2022,BROOKLYN,11218,2155,76370,2821.78866,81857,11.95868401
2022,BROOKLYN,11219,1051,93119,1128.663323,44450,29.84166667
2022,BROOKLYN,11220,2162,93584,2310.22397,57046,22.21413759
2022,BROOKLYN,11221,2487,89728,2771.710057,66923,21.18696641
2022,BROOKLYN,11222,902,39669,2273.815826,110385,9.755312299
2022,BROOKLYN,11223,1150,83565,1376.174236,57281,20.90307088
2022,BROOKLYN,11224,475,48110,987.3207233,37241,32.1209283
2022,BROOKLYN,11225,4963,59465,8346.085933,68542,14.94575155
2022,BROOKLYN,11226,8280,99776,8298.588839,66173,14.77860375
2022,BROOKLYN,11228,314,45267,693.6620496,77189,10.77817242
2022,BROOKLYN,11229,1496,85538,1748.9303,69076,16.58563287
2022,BROOKLYN,11230,2870,91789,3126.736319,61017,20.32522892
2022,BROOKLYN,11231,492,40311,1220.510531,121638,17.21830565
2022,BROOKLYN,11232,558,28501,1957.826041,77031,14.41294667
2022,BROOKLYN,11233,2337,85633,2729.088085,52380,24.67726382
2022,BROOKLYN,11234,686,94254,727.8205699,86185,8.975340787
2022,BROOKLYN,11235,1695,84859,1997.431033,58669,19.27575478
2022,BROOKLYN,11236,1630,102238,1594.319138,73562,13.13448767
2022,BROOKLYN,11237,1318,50590,2605.257956,65908,18.7210962
2022,BROOKLYN,11238,1774,58597,3027.458744,114427,11.17305548
2022,BROOKLYN,11239,493,15917,3097.317334,33736,29.54748247
2022,BROOKLYN,11249,477,42421,1124.443082,105222,19.44216052
2022,QUEENS,11354,644,53375,1206.557377,52273,18.67647059
2022,QUEENS,11355,2043,80918,2524.77817,46963,21.55936612
2022,QUEENS,11356,186,27295,681.4434878,73318,8.736426456
2022,QUEENS,11357,61,44030,138.5419032,88580,8.876811594
2022,QUEENS,11358,335,38103,879.1958638,74854,9.696739955
2022,QUEENS,11360,60,20076,298.8643156,92851,7.28859669
2022,QUEENS,11361,220,30006,733.186696,93734,7.913669065
2022,QUEENS,11362,14,19217,72.85216215,100528,3.970325594
2022,QUEENS,11363,59,7424,794.7198276,98111,8.837689133
2022,QUEENS,11364,453,39015,1161.091888,90970,8.646807277
2022,QUEENS,11365,348,45439,765.8619248,73279,11.38120863
2022,QUEENS,11366,114,13922,818.8478667,100781,8.984628708
2022,QUEENS,11367,737,42362,1739.766772,71469,15.29379462
2022,QUEENS,11368,1571,116469,1348.856777,62254,16.92724196
2022,QUEENS,11369,436,31550,1381.933439,66132,12.79447178
2022,QUEENS,11370,131,29780,439.8925453,67241,8.10430781
2022,QUEENS,11372,1576,67252,2343.424731,62910,13.05436338
2022,QUEENS,11373,2091,102104,2047.911933,62072,10.91672498
2022,QUEENS,11374,924,47019,1965.163019,79221,12.07242452
2022,QUEENS,11375,1471,76091,1933.211549,96321,7.102933623
2022,QUEENS,11377,1471,85255,1725.411999,66325,9.620901323
2022,QUEENS,11378,217,39994,542.5813872,85464,9.126891735
2022,QUEENS,11379,375,39805,942.0927019,88672,7.827464535
2022,QUEENS,11385,1438,109111,1317.923949,77350,11.42780027
2022,QUEENS,11411,75,21605,347.1418653,108131,7.159317868
2022,QUEENS,11412,350,41782,837.6812982,93429,9.469565217
2022,QUEENS,11413,297,45661,650.4456757,104236,6.169606408
2022,QUEENS,11414,102,30915,329.9369238,86113,10.05557485
2022,QUEENS,11415,498,20351,2447.054199,80360,9.758951556
2022,QUEENS,11416,225,27098,830.3195808,76477,13.72761801
2022,QUEENS,11417,255,33236,767.2403418,78498,13.48026105
2022,QUEENS,11418,544,38938,1397.092814,77708,9.440950986
2022,QUEENS,11419,568,50107,1133.574151,84245,9.318606098
2022,QUEENS,11420,614,51831,1184.619243,89027,9.435632608
2022,QUEENS,11421,654,42704,1531.472462,76721,10.14045906
2022,QUEENS,11422,272,34063,798.5203887,95945,8.164066333
2022,QUEENS,11423,528,30983,1704.160346,69386,14.12011592
2022,QUEENS,11426,49,20959,233.78978,102818,5.866368286
2022,QUEENS,11427,260,25890,1004.248745,84000,8.557089084
2022,QUEENS,11428,131,21184,618.3912387,83417,8.732931089
2022,QUEENS,11429,126,28643,439.8980554,89318,12.15199398
2022,QUEENS,11432,1700,64858,2621.110734,66246,11.79800839
2022,QUEENS,11433,507,41396,1224.756015,68801,15.73646276
2022,QUEENS,11434,672,66424,1011.682524,66546,12.75152713
2022,QUEENS,11435,892,60842,1466.092502,71346,14.86238532
2022,QUEENS,11436,173,21248,814.1942771,78306,10.44087491
2022,QUEENS,11691,1619,70797,2286.820063,54877,24.7728537
2022,QUEENS,11692,470,24639,1907.544949,53498,18.40696951
2022,QUEENS,11693,146,14147,1032.020923,64688,14.83735971
2022,QUEENS,11694,445,22432,1983.773181,88643,12.63107722